{
  "type": "softmax_regression",
  "input_size": 63,
  "labels": [
    "alif",
    "ba",
    "ta",
    "tha"
  ],
  "weights": [
    [
      1.1364831360338422e-05,
      0.002759975114310475,
      -0.002532635851234162,
      -0.008227775827139886
    ],
    [
      -0.004200498065154798,
      -0.00916137471644868,
      0.0005556395849066108,
      0.012381643442774978
    ],
    [
      -0.004547273755560445,
      -0.00573228740700026,
      0.004525429500066241,
      0.00329711790628692
    ],
    [
      0.20973413398749155,
      -0.2204848984462873,
      -0.05902865404037121,
      0.06831046690835874
    ],
    [
      -0.15312621130901552,
      0.016871123560501206,
      0.3486585550856663,
      -0.25852775908554115
    ],
    [
      -0.13458364472200718,
      0.2530263250173031,
      0.22091824889402478,
      -0.36775106509331806
    ],
    [
      0.2146763815847732,
      -0.3290320082838614,
      0.07182647133876494,
      0.014022390421066818
    ],
    [
      -0.18464356107868923,
      0.37572038202720526,
      0.16278977866651453,
      -0.37181784753124547
    ],
    [
      -0.11867659451275779,
      -0.03535374638182522,
      0.3224211406068999,
      -0.18256266249719402
    ],
    [
      0.21376748304209384,
      -0.34433679842677317,
      0.1232090649185233,
      0.008806691007026088
    ],
    [
      -0.05200716641837504,
      0.6806275092756182,
      -0.07525965496457454,
      -0.5623652209138744
    ],
    [
      -0.08157175454071072,
      -0.14156428991064637,
      0.24146327628065217,
      -0.011024940352760195
    ],
    [
      0.19449389271504675,
      -0.30725959022913113,
      0.18868837556586224,
      -0.06740550355473242
    ],
    [
      0.05054670365840995,
      0.38564229522792765,
      -0.005270492717237934,
      -0.42033728297236944
    ],
    [
      -0.07529399114662828,
      -0.2100634662188665,
      0.2398689316896657,
      0.05808612329010951
    ],
    [
      0.07033583623449546,
      -0.38757512584107573,
      0.030998290936194963,
      0.27404523632573724
    ],
    [
      -0.19612338228970044,
      0.15811093250730177,
      0.11248728290022349,
      -0.0627558424400903
    ],
    [
      -0.12940502806237203,
      -0.2236291326978317,
      0.4367635314999646,
      -0.11572880637618795
    ],
    [
      -0.17917733282771658,
      0.19671555150817246,
      0.06430672018517364,
      -0.06904066101080686
    ],
    [
      0.16903706115566272,
      -0.23105120046121305,
      -0.10978652195081177,
      0.1771363358006494
    ],
    [
      -0.11859021110229422,
      -0.21523705899027132,
      0.329908003382219,
      -0.0006989608541523789
    ],
    [
      -0.1959682749224993,
      0.21340983685726267,
      0.07536853514679426,
      -0.1091295684708582
    ],
    [
      0.13773608223418154,
      -0.07722341544533161,
      -0.1425746827422816,
      0.10482075214748687
    ],
    [
      -0.11392174309619145,
      -0.2213973363884823,
      0.3378085116204964,
      0.009430508887599266
    ],
    [
      -0.21220208242387958,
      0.2396667765617014,
      0.06261731852975917,
      -0.13320521250351275
    ],
    [
      -0.07523502996983149,
      0.1951436907280555,
      -0.06268849926410587,
      -0.046093208164245274
    ],
    [
      -0.11461941196804176,
      -0.2653819668972298,
      0.38021815188837665,
      -0.0072126594775093695
    ],
    [
      -0.13183761278600933,
      -0.03751020835995988,
      0.09692621573000292,
      0.08018230201231881
    ],
    [
      -0.17853018156497824,
      0.11471226541350919,
      0.04268635261214081,
      0.0014344708835788182
    ],
    [
      -0.10882648451018363,
      -0.22201690518038228,
      0.35869669469423165,
      -0.02261786355092396
    ],
    [
      -0.12330888556976678,
      -0.33214087893080485,
      0.46933781196705116,
      -0.03807528769465208
    ],
    [
      0.16823014834444358,
      -0.1298154221487718,
      -0.23570450242272364,
      0.17834589071342988
    ],
    [
      -0.09205007982917279,
      -0.3721115780272476,
      0.26591077259515145,
      0.1884962352971484
    ],
    [
      -0.06274530832746834,
      -0.8298618171720011,
      0.8586821720998498,
      0.04579623103580976
    ],
    [
      0.14641447032628296,
      -0.1109153427459114,
      -0.07152176471985061,
      0.02239817592503987
    ],
    [
      -0.04771703271460055,
      -0.4166385730930715,
      0.22419560541875838,
      0.23749198162493335
    ],
    [
      -0.042883350324109976,
      -1.026921771878609,
      1.0153880312480654,
      0.0470187088414179
    ],
    [
      0.052396370708629805,
      -0.08467556520230134,
      0.1862706291529522,
      -0.15437799928741208
    ],
    [
      -0.07597951474707695,
      -0.3227192800856479,
      0.19059231705079271,
      0.19676652445175574
    ],
    [
      -0.16910141806061557,
      0.0644512605127275,
      0.07519513341697427,
      0.018344780172596886
    ],
    [
      -0.06236372012460853,
      -0.018662757635743647,
      -0.21710411738231705,
      0.291076782734725
    ],
    [
      -0.10935728425440687,
      -0.18541939720645745,
      0.21513283163461724,
      0.062398554812664674
    ],
    [
      -0.12344329314039063,
      -0.070708480769507,
      0.025836822367044845,
      0.16600966224857552
    ],
    [
      0.18304108685005874,
      -0.18033578481503929,
      -0.20578371747360125,
      0.17530212731921413
    ],
    [
      -0.0471199970165524,
      -0.15303227387340085,
      -0.1849582882938035,
      0.3951465520589715
    ],
    [
      -0.05162180681006129,
      -0.20389790067952077,
      -0.33735851376345366,
      0.5871420879642675
    ],
    [
      0.17003134960443414,
      -0.151673496394361,
      -0.07835320051963544,
      0.07595768544232043
    ],
    [
      -0.03630566538704417,
      0.08056896292751414,
      -0.551210934681992,
      0.5012806199490845
    ],
    [
      0.005311649370895417,
      -0.23035410203610424,
      -0.5801826228099599,
      0.8250793223667073
    ],
    [
      0.15755550087154638,
      -0.20948201843481068,
      0.051552592733866344,
      0.02635201400830733
    ],
    [
      -0.10304991973801124,
      0.4621962760535634,
      -0.4749753340126395,
      0.12490752565133272
    ],
    [
      -0.15062288774616278,
      0.16795343695062226,
      0.0257145828214843,
      -0.03815234788152508
    ],
    [
      0.18144404104057513,
      -0.2481683400310749,
      -0.3159099479292703,
      0.3884471298685055
    ],
    [
      -0.11998459270941879,
      -0.16211040357736184,
      0.12796115414482678,
      0.122259991863964
    ],
    [
      -0.15269323253835793,
      0.14857983143733575,
      -0.06383443969571159,
      0.04410057602438401
    ],
    [
      0.19212602882714044,
      -0.2842535967881281,
      -0.08973883606542392,
      0.16083795460747466
    ],
    [
      -0.06031311088355439,
      0.001844654572444728,
      -0.39526347701288234,
      0.441701275459176
    ],
    [
      -0.1354272336615841,
      0.1396819300098716,
      -0.22542669277613145,
      0.19832274182587464
    ],
    [
      0.1849073397832768,
      -0.2757290819118473,
      0.07109957833457412,
      0.031992749811912836
    ],
    [
      -0.04167068242460213,
      0.15815651541785852,
      -0.6695548348083308,
      0.5469209405920553
    ],
    [
      -0.11339642692998833,
      0.20246919982861164,
      -0.41161834025744126,
      0.32514695273426003
    ],
    [
      0.16231058228371978,
      -0.3393683454479358,
      0.28833332284978713,
      -0.12382183339222942
    ],
    [
      -0.08412450577162002,
      0.263670705382253,
      -0.6924072361486082,
      0.45334240040654017
    ]
  ],
  "bias": [
    -0.11968344106410951,
    0.27061067854405574,
    0.147052570842541,
    -0.2979798083224885
  ],